253,1/1/2021,1,0.05, ,0.00, ,222, ,9.1, ,59.1, ,34.0, ,45.0, ,99, ,68, ,89, ,42.1, ,2.6, ,62.4, ,46.5, 
253,1/2/2021,2,0.00, ,0.16, ,53, ,12.1, ,55.0, ,44.6, ,50.5, ,99, ,88, ,97, ,49.6, ,2.1, ,50.0, ,48.5, 
253,1/3/2021,3,0.03, ,0, ,159, ,11.4, ,55.9, ,40.7, ,48.7, ,100, ,89, ,98, ,48.1, ,2.4, ,56.9, ,49.7, 
253,1/4/2021,4,0.02, ,0.36, ,100, ,12.6, ,60.2, ,40.7, ,51.9, ,99, ,81, ,96, ,50.7, ,3.5, ,83.8, ,51.1, 
253,1/5/2021,5,0.04, ,0.01, ,180, ,9.5, ,57.4, ,37.0, ,45.7, ,100, ,73, ,91, ,43.1, ,2.6, ,61.5, ,48.6, 
253,1/6/2021,6,0.03, ,0.01, ,155, ,8.7, ,61.6, ,34.2, ,44.8, ,97, ,66, ,86, ,40.9, ,2.2, ,53.8, ,47.5, 
253,1/7/2021,7,0.06, ,0, ,253, ,10.3, ,64.3, ,37.8, ,48.7, ,99, ,62, ,88, ,45.4, ,2.4, ,57.3, ,47.7, 
253,1/8/2021,8,0.03, ,0, ,157, ,11.1, ,61.1, ,37.2, ,49.5, ,97, ,77, ,92, ,47.3, ,3.0, ,71.5, ,49.4, 
253,1/9/2021,9,0.07, ,0.00, ,268, ,8.2, ,63.2, ,36.5, ,48.9, ,98, ,38, ,69, ,39.3, ,3.8, ,92.2, ,48.0, 
253,1/10/2021,10,0.05, ,0, ,205, ,8.8, ,62.7, ,36.1, ,46.9, ,96, ,54, ,81, ,41.2, ,2.6, ,62.5, ,47.7, 
253,1/11/2021,11,0.05, ,0.00, ,245, ,10.1, ,62.6, ,37.5, ,47.0, ,99, ,72, ,92, ,44.7, ,2.5, ,59.0, ,47.6, 
253,1/12/2021,12,0.03, ,0, ,145, ,11.0, ,65.9, ,43.0, ,50.3, ,99, ,63, ,89, ,47.1, ,2.1, ,49.4, ,49.0, 
253,1/13/2021,13,0.06, ,0, ,228, ,12.6, ,72.9, ,42.5, ,53.6, ,98, ,66, ,90, ,50.6, ,3.0, ,72.6, ,50.1, 
253,1/14/2021,14,0.08, ,0.00, ,279, ,12.4, ,77.7,Y,42.3, ,55.2, ,99, ,44, ,83, ,50.2, ,3.5, ,85.1, ,50.9, 
253,1/15/2021,15,0.08, ,0.00, ,265, ,10.6, ,77.9,Y,38.3, ,53.3, ,99, ,33, ,77, ,46.1, ,3.3, ,78.2, ,50.4, 
253,1/16/2021,16,0.05, ,0, ,245, ,10.9, ,60.0, ,40.1, ,48.3, ,99, ,82, ,95, ,46.9, ,3.5, ,83.8, ,50.0, 
253,1/17/2021,17,0.09,R,0, ,291, ,8.9, ,81.3,Y,39.0, ,56.9,H,99,H,25,H,56, ,41.5, ,3.7, ,89.6, ,50.3, 
253,1/18/2021,18,0.12,R,0, ,301, ,6.4, ,79.6,Y,43.1, ,62.2,Y,96,H,9,H,34,Y,33.2,Y,5.2, ,125.0, ,50.3, 
253,1/19/2021,19,0.15, ,0, ,298, ,3.4,Y,67.7, ,53.2, ,59.7, ,24, ,13, ,19,Y,17.7,Y,7.4, ,176.7, ,49.1, 
253,1/20/2021,20,0.11, ,0.02,H,301, ,4.7,Y,77.2,Y,35.3, ,54.2, ,72, ,15, ,33,Y,25.8,Y,3.6, ,87.1, ,48.3, 
253,1/21/2021,21,0.05, ,0, ,266, ,7.7, ,54.0, ,27.6,Y,42.1, ,91, ,62, ,84, ,37.7, ,2.4, ,56.6, ,46.4,Y
253,1/22/2021,22,0.03, ,0.41, ,140, ,10.5, ,53.6, ,44.8, ,47.9, ,99, ,85, ,92, ,45.9, ,2.7, ,65.6, ,48.6, 
253,1/23/2021,23,0.06, ,0.06,H,285, ,9.2, ,55.8, ,35.0, ,45.3, ,100, ,71, ,89, ,42.3, ,3.6, ,85.7, ,48.2, 
253,1/24/2021,24,0.03, ,0.20, ,100, ,9.7, ,52.9, ,42.7, ,47.7, ,98, ,68, ,86, ,43.6, ,5.4, ,129.8, ,48.6, 
253,1/25/2021,25,0.10, ,0.17, ,258, ,7.5, ,52.2, ,45.8, ,48.3, ,72, ,59, ,65, ,37.0, ,14.3,Y,343.9,Y,48.2, 
253,1/26/2021,26,0.04, ,0.35, ,155, ,8.2, ,53.6, ,34.7, ,45.8, ,93, ,65, ,79, ,39.5, ,6.4, ,153.2, ,47.2, 
253,1/27/2021,27,0.01, ,1.33, ,68, ,11.8, ,54.7, ,49.2, ,51.9, ,98, ,80, ,90, ,49.0, ,4.3, ,104.0, ,48.7, 
253,1/28/2021,28,0.04, ,1.5, ,165, ,12.2, ,57.4, ,45.9, ,51.1, ,100, ,81, ,95, ,49.7, ,3.1, ,75.4, ,51.3, 
253,1/29/2021,29,0.07, ,0.06,H,330, ,9.6, ,57.3, ,39.8, ,46.9, ,100, ,65, ,87, ,43.3, ,3.4, ,81.0, ,51.1, 
253,1/30/2021,30,0.07, ,0.00, ,251, ,9.2, ,61.1, ,38.9, ,48.7, ,99, ,50, ,78, ,42.2, ,3.0, ,72.6, ,49.8, 
253,1/31/2021,31,0.07, ,0.00, ,260, ,9.5, ,66.1, ,40.3, ,52.3, ,95, ,39, ,71, ,43.2, ,2.6, ,61.8, ,50.6, 
253,2/1/2021,32,0.06, ,0.00, ,248, ,10.9, ,60.6, ,37.3, ,50.4, ,100, ,70, ,87, ,46.8, ,4.2, ,100.6, ,50.6, 
253,2/2/2021,33,0.04, ,0.63, ,192, ,12.8, ,60.3, ,40.0, ,52.1, ,100, ,75, ,96, ,51.1, ,3.0, ,70.9, ,52.8, 
253,2/3/2021,34,0.08, ,0.02, ,345, ,9.4, ,59.0, ,35.8, ,47.3, ,100, ,62, ,84, ,42.8, ,3.2, ,76.1, ,50.5, 
253,2/4/2021,35,0.09, ,0.00, ,357,R,7.8, ,62.0, ,35.3, ,45.6, ,100, ,34, ,75, ,38.0, ,3.7, ,89.3, ,49.3, 
253,2/5/2021,36,0.08, ,0, ,353, ,8.5, ,61.9, ,32.0, ,44.3, ,97, ,57, ,86, ,40.4, ,2.9, ,69.5, ,47.8,Y
253,2/6/2021,37,0.08, ,0.00, ,358, ,9.9, ,65.0, ,33.4, ,46.6, ,100, ,65, ,91, ,44.2, ,3.0, ,72.0, ,47.9,Y
253,2/7/2021,38,0.08, ,0, ,347, ,9.6, ,61.2, ,33.2, ,45.7, ,99, ,73, ,92, ,43.5, ,3.1, ,74.4, ,48.7, 
253,2/8/2021,39,0.05, ,0, ,223, ,10.2, ,55.5, ,37.8, ,47.2, ,99, ,80, ,92, ,45.1, ,2.8, ,68.1, ,49.3, 
253,2/9/2021,40,0.04, ,0.01, ,199, ,11.4, ,59.4, ,43.6, ,50.7, ,96, ,77, ,91, ,48.1, ,2.4, ,58.6, ,51.1, 
253,2/10/2021,41,0.08, ,0, ,359, ,10.1, ,61.2, ,38.8, ,48.3, ,99, ,65, ,88, ,44.9, ,3.5, ,83.2, ,50.8, 
253,2/11/2021,42,0.03, ,0.35, ,149, ,10.6, ,64.0, ,38.6, ,48.8, ,98, ,61, ,90, ,46.0, ,2.6, ,63.5, ,50.1, 
253,2/12/2021,43,0.06, ,0.02, ,253, ,11.8, ,59.0, ,46.2, ,52.4, ,97, ,74, ,88, ,49.0, ,6.0, ,143.1, ,51.8, 
253,2/13/2021,44,0.09, ,0.08,H,337, ,11.7, ,58.1, ,47.2, ,52.9, ,99, ,69, ,85, ,48.7, ,7.2, ,173.0, ,52.8, 
253,2/14/2021,45,0.05, ,0.10, ,187, ,10.7, ,58.0, ,47.7, ,52.1, ,98, ,65, ,80, ,46.3, ,4.7, ,112.7, ,52.2, 
253,2/15/2021,46,0.02, ,0.25, ,137, ,13.5, ,57.1, ,50.3, ,53.5, ,100, ,87, ,97, ,52.6, ,3.7, ,89.8, ,53.8, 
253,2/16/2021,47,0.07, ,0, ,290, ,10.7, ,56.0, ,43.4, ,51.6, ,90, ,75, ,82, ,46.4, ,7.7, ,185.7, ,53.6, 
253,2/17/2021,48,0.11, ,0, ,401,R,8.4, ,64.9, ,34.8, ,47.8, ,98, ,34, ,74, ,40.0, ,3.8, ,91.1, ,51.6, 
253,2/18/2021,49,0.09, ,0, ,379, ,8.0, ,63.4, ,31.5, ,46.9, ,94, ,47, ,73, ,38.8, ,2.8, ,67.5, ,50.1, 
253,2/19/2021,50,0.03, ,0.03, ,142, ,11.4, ,57.0, ,42.0, ,51.0, ,98, ,70, ,90, ,48.0, ,3.0, ,72.8, ,51.9, 
253,2/20/2021,51,0.09, ,0.01, ,319, ,9.9, ,56.7, ,39.2, ,49.6, ,97, ,73, ,82, ,44.2, ,8.3, ,198.4, ,51.9, 
253,2/21/2021,52,0.10, ,0, ,414, ,8.6, ,60.3, ,35.1, ,45.6, ,98, ,51, ,82, ,40.5, ,4.0, ,94.9, ,50.3, 
253,2/22/2021,53,0.13, ,0, ,421, ,8.7, ,76.6,Y,35.4, ,51.5, ,96, ,32, ,67, ,40.8, ,3.6, ,86.8, ,50.2, 
253,2/23/2021,54,0.12, ,0, ,417, ,9.5, ,77.0,Y,37.6, ,51.0, ,95, ,44, ,74, ,43.2, ,4.2, ,100.2, ,50.9, 
253,2/24/2021,55,0.12, ,0, ,446,R,8.8, ,63.4, ,35.0, ,48.7, ,98, ,25, ,75, ,41.3, ,5.6, ,135.0, ,50.2, 
253,2/25/2021,56,0.14, ,0, ,445,R,6.8, ,65.6, ,40.8, ,53.3, ,91, ,18, ,49, ,34.7, ,5.4, ,130.7, ,50.2, 
253,2/26/2021,57,0.11, ,0, ,433, ,9.3, ,56.2, ,35.8, ,47.7, ,97, ,69, ,82, ,42.5, ,7.3, ,176.3, ,50.1, 
253,2/27/2021,58,0.12, ,0, ,444,R,8.2, ,57.2, ,34.7, ,46.6, ,93, ,55, ,76, ,39.5, ,6.2, ,149.6, ,50.0, 
253,2/28/2021,59,0.13, ,0, ,450,R,7.1, ,69.9, ,30.4,Y,46.8, ,97, ,24, ,66, ,35.9, ,3.2, ,77.0, ,49.4, 
253,3/1/2021,60,0.12, ,0, ,454,R,6.2,Y,65.9, ,31.5, ,48.0, ,89, ,21, ,55,Y,32.5,Y,3.4, ,80.5, ,49.3, 
253,3/2/2021,61,0.10, ,0, ,392, ,8.1, ,63.3, ,33.4, ,47.2, ,91, ,45, ,73, ,39.0, ,3.0, ,72.7, ,49.2, 
253,3/3/2021,62,0.09, ,0, ,375, ,9.4, ,59.3, ,38.4, ,47.9, ,93, ,70, ,83, ,42.9, ,2.9, ,68.6, ,50.5, 
253,3/4/2021,63,0.11, ,0, ,463, ,9.2, ,62.3, ,38.2, ,48.6, ,94, ,57, ,78, ,42.2, ,3.4, ,81.4, ,51.4, 
253,3/5/2021,64,0.12, ,0.19, ,464, ,10.1, ,64.2, ,36.2, ,51.0, ,95, ,55, ,79, ,44.8, ,3.8, ,92.3, ,51.3, 
253,3/6/2021,65,0.11, ,0.18, ,471, ,9.7, ,56.0, ,39.5, ,48.1, ,96, ,68, ,85, ,43.8, ,4.7, ,111.9, ,52.9, 
253,3/7/2021,66,0.12, ,0.00, ,469, ,9.0, ,57.8, ,33.6, ,45.3, ,97, ,70, ,87, ,41.7, ,4.5, ,107.8, ,51.2, 
253,3/8/2021,67,0.10, ,0.02, ,399, ,8.4, ,58.6, ,38.4, ,47.0, ,96, ,49, ,76, ,39.9, ,3.0, ,72.1, ,51.6, 
253,3/9/2021,68,0.09, ,0.19, ,355, ,9.3, ,58.6, ,38.4, ,47.1, ,95, ,63, ,85, ,42.7, ,3.1, ,74.6, ,51.2, 
253,3/10/2021,69,0.10, ,0.36,H,425, ,9.2, ,56.2, ,39.7, ,47.2, ,97, ,62, ,83, ,42.2, ,3.2, ,76.2, ,51.6, 
253,3/11/2021,70,0.11, ,0.01,H,446, ,8.5, ,60.2, ,36.6, ,46.1, ,96, ,49, ,80, ,40.3, ,4.2, ,99.9, ,51.8, 
253,3/12/2021,71,0.12, ,0.00,H,493, ,10.4, ,59.8, ,40.4, ,50.0, ,94, ,69, ,85, ,45.7, ,3.6, ,86.5, ,52.5, 
253,3/13/2021,72,0.05, ,0, ,183, ,9.6, ,54.1, ,46.9, ,50.1, ,86, ,70, ,77, ,43.3, ,4.5, ,108.2, ,53.0, 
253,3/14/2021,73,0.06, ,0.47, ,225, ,9.7, ,59.4, ,45.5, ,49.8, ,95, ,61, ,79, ,43.6, ,4.3, ,103.8, ,52.5, 
253,3/15/2021,74,0.11, ,0, ,352, ,7.8, ,52.9, ,36.3, ,46.9, ,93, ,62, ,71, ,38.1, ,9.9, ,238.2, ,51.5, 
253,3/16/2021,75,0.11, ,0, ,475, ,7.6, ,54.6, ,33.4, ,43.4,Y,96, ,59, ,79,Y,37.3,Y,3.2, ,75.8, ,50.3,Y
253,3/17/2021,76,0.07, ,0, ,298, ,8.3, ,55.6, ,33.6, ,45.0, ,95, ,65, ,81, ,39.7, ,2.8, ,67.5, ,49.9,Y
253,3/18/2021,77,0.04, ,0.28, ,190, ,11.9, ,58.4, ,44.3, ,52.1, ,97, ,75, ,89, ,49.1, ,3.0, ,72.3, ,51.2, 
253,3/19/2021,78,0.11, ,0.01, ,402, ,11.6, ,62.3, ,42.7, ,51.9, ,99, ,65, ,88, ,48.5, ,3.1, ,74.8, ,53.5, 
253,3/20/2021,79,0.13, ,0.00, ,517, ,9.7, ,58.2, ,41.6, ,49.8, ,98, ,64, ,80, ,43.9, ,4.7, ,113.8, ,53.4, 
253,3/21/2021,80,0.14, ,0, ,532, ,9.7, ,57.5, ,37.2, ,48.7, ,96, ,71, ,83, ,43.7, ,5.9, ,141.8, ,53.2, 
253,3/22/2021,81,0.12, ,0, ,405, ,10.5, ,58.5, ,48.6, ,51.9, ,87, ,71, ,80, ,45.8, ,8.8, ,212.1, ,53.7, 
253,3/23/2021,82,0.16, ,0, ,556,R,9.2, ,61.3, ,39.8, ,52.1, ,89, ,50, ,69, ,42.3, ,8.1, ,194.0, ,54.1, 
253,3/24/2021,83,0.13, ,0, ,487, ,9.2, ,62.3, ,32.9,Y,49.1, ,90, ,55, ,77, ,42.3, ,4.6, ,110.0, ,52.8, 
253,3/25/2021,84,0.11, ,0.01, ,396, ,10.2, ,57.0, ,41.9, ,51.0, ,90, ,71, ,80, ,45.2, ,7.9, ,189.1, ,53.8, 
253,3/26/2021,85,0.17, ,0, ,570,R,8.1, ,69.8, ,33.2,Y,49.2, ,96, ,33, ,68, ,39.1, ,4.0, ,95.5, ,53.1, 
253,3/27/2021,86,0.16, ,0, ,571,R,8.8, ,67.6, ,34.1, ,49.6, ,94, ,41, ,72, ,41.1, ,2.9, ,69.0, ,52.4, 
253,3/28/2021,87,0.14, ,0.00, ,563, ,9.9, ,58.4, ,33.2, ,46.6, ,96, ,77, ,91, ,44.2, ,3.9, ,94.6, ,52.4, 
253,3/29/2021,88,0.14, ,0, ,534, ,9.2, ,56.3, ,35.4, ,46.5, ,98, ,69, ,85, ,42.3, ,4.5, ,108.6, ,53.1, 
253,3/30/2021,89,0.20,R,0, ,592,R,7.0,Y,81.5,Y,33.2, ,53.3, ,97, ,19, ,51,Y,35.5,Y,4.2, ,100.6, ,52.1, 
253,3/31/2021,90,0.17,R,0, ,587,R,8.1, ,85.2,R,40.8, ,59.7,Y,76,H,29,H,46,Y,39.0,Y,2.8, ,68.0, ,52.9, 
253,4/1/2021,91,0.19,R,0.31, ,591,R,8.9, ,79.1,Y,40.4, ,56.7, ,84, ,31, ,57, ,41.6, ,2.9, ,70.3, ,53.8, 
253,4/2/2021,92,0.14, ,0, ,557, ,10.3, ,60.4, ,38.3, ,49.9, ,90, ,75, ,84, ,45.3, ,3.6, ,87.6, ,53.6, 
253,4/3/2021,93,0.12, ,0, ,449, ,10.0, ,61.6, ,41.9, ,51.9, ,93, ,61, ,76, ,44.5, ,2.8, ,68.1, ,54.9, 
253,4/4/2021,94,0.14, ,0, ,487, ,10.1, ,60.0, ,41.9, ,51.8, ,94, ,64, ,77, ,44.8, ,4.8, ,115.4, ,54.4, 
253,4/5/2021,95,0.06, ,0, ,256, ,10.7, ,56.5, ,40.9, ,51.2, ,93, ,73, ,83, ,46.3, ,3.6, ,86.5, ,53.7, 
253,4/6/2021,96,0.13, ,0, ,507, ,10.8, ,59.8, ,48.9, ,52.4, ,86, ,72, ,80, ,46.6, ,4.5, ,107.8, ,54.9, 
253,4/7/2021,97,0.14, ,0, ,514, ,10.3, ,58.6, ,49.2, ,52.4, ,84, ,69, ,77, ,45.4, ,6.0, ,144.6, ,55.3, 
253,4/8/2021,98,0.15, ,0, ,542, ,10.2, ,58.7, ,39.1, ,50.9, ,94, ,67, ,80, ,44.9, ,5.7, ,136.4, ,55.5, 
253,4/9/2021,99,0.09, ,0, ,309, ,10.1, ,58.1, ,39.4, ,50.0, ,96, ,72, ,82, ,44.7, ,6.5, ,157.0, ,53.5, 
253,4/10/2021,100,0.16, ,0, ,592, ,10.1, ,60.0, ,43.9, ,51.9, ,90, ,64, ,76, ,44.7, ,6.3, ,150.0, ,54.4, 
253,4/11/2021,101,0.15, ,0, ,568, ,10.8, ,61.7, ,46.1, ,51.7, ,92, ,68, ,82, ,46.5, ,4.7, ,112.6, ,54.8, 
253,4/12/2021,102,0.13, ,0, ,517, ,11.4, ,62.0, ,46.6, ,52.1, ,94, ,72, ,85, ,47.9, ,3.2, ,76.3, ,55.5, 
253,4/13/2021,103,0.10, ,0, ,387, ,10.9, ,59.4, ,45.9, ,51.9, ,95, ,68, ,83, ,46.8, ,3.6, ,86.1, ,55.3, 
253,4/14/2021,104,0.17, ,0, ,621, ,10.7, ,62.0, ,40.4, ,53.3, ,93, ,65, ,77, ,46.3, ,2.9, ,70.4, ,55.5, 
253,4/15/2021,105,0.16, ,0, ,629, ,10.3, ,61.1, ,38.6, ,50.1, ,95, ,68, ,83, ,45.3, ,3.4, ,82.7, ,54.9, 
253,4/16/2021,106,0.16, ,0, ,593, ,10.9, ,57.8, ,44.9, ,51.6, ,94, ,74, ,84, ,46.8, ,5.5, ,131.7, ,55.2, 
253,4/17/2021,107,0.10, ,0, ,395, ,11.5, ,58.9, ,48.1, ,51.5, ,95, ,81, ,89, ,48.2, ,5.7, ,136.5, ,55.7, 
253,4/18/2021,108,0.16, ,0, ,611, ,11.4, ,60.7, ,38.8, ,50.3, ,97, ,78, ,91, ,47.9, ,4.0, ,96.5, ,56.1, 
253,4/19/2021,109,0.12, ,0, ,459, ,11.6, ,59.8, ,39.3, ,52.5, ,97, ,71, ,86, ,48.4, ,5.5, ,132.3, ,55.2, 
253,4/20/2021,110,0.04, ,0.01, ,173, ,12.0, ,55.4, ,50.0, ,52.1, ,95, ,85, ,90, ,49.3, ,5.6, ,135.3, ,55.1, 
253,4/21/2021,111,0.04, ,0.01, ,205, ,11.8, ,57.0, ,49.7, ,51.8, ,95, ,84, ,90, ,48.9, ,2.5, ,60.6, ,54.7, 
253,4/22/2021,112,0.05, ,0, ,220, ,11.5, ,55.8, ,49.5, ,51.5, ,93, ,84, ,89, ,48.2, ,2.6, ,62.8, ,54.5, 
253,4/23/2021,113,0.09, ,0, ,354, ,11.5, ,59.7, ,49.5, ,53.0, ,93, ,73, ,84, ,48.2, ,2.8, ,68.3, ,54.8, 
253,4/24/2021,114,0.16, ,0.02, ,566, ,11.7, ,63.1, ,46.1, ,54.6, ,94, ,65, ,80, ,48.7, ,2.7, ,64.7, ,55.6, 
253,4/25/2021,115,0.07, ,0.06, ,290, ,11.6, ,59.2, ,40.6, ,51.6, ,96, ,70, ,89, ,48.4, ,2.5, ,59.2, ,55.6, 
253,4/26/2021,116,0.16, ,0.00, ,597, ,10.1, ,60.5, ,37.1, ,49.7, ,97, ,69, ,83, ,44.9, ,4.1, ,98.4, ,53.5,Y
253,4/27/2021,117,0.18, ,0, ,672, ,11.0, ,66.9, ,40.6, ,52.9, ,94, ,61, ,80, ,47.0, ,4.0, ,97.1, ,54.6,Y
253,4/28/2021,118,0.19, ,0, ,684,R,11.4, ,68.9, ,37.6, ,53.1, ,96, ,60, ,83, ,47.9, ,3.3, ,79.2, ,54.2,Y
253,4/29/2021,119,0.18, ,0, ,676, ,11.1, ,60.9, ,40.1, ,50.8, ,96, ,75, ,88, ,47.4, ,4.8, ,116.1, ,55.0,Y
253,4/30/2021,120,0.16, ,0.02, ,590, ,12.5, ,60.7, ,40.8, ,53.7, ,96, ,77, ,89, ,50.4, ,5.3, ,127.6, ,55.1,Y
253,5/1/2021,121,0.06, ,0.02, ,272, ,13.4, ,59.5, ,51.9, ,54.3, ,97, ,86, ,94, ,52.4, ,5.2, ,125.4, ,56.1,Y
253,5/2/2021,122,0.18, ,0, ,662, ,11.9, ,62.2, ,47.4, ,54.7, ,91, ,69, ,82, ,49.2, ,6.0, ,143.0, ,56.3,Y
253,5/3/2021,123,0.20, ,0, ,686, ,11.6, ,70.2, ,42.0, ,55.4, ,96, ,56, ,77, ,48.5, ,3.9, ,93.5, ,56.1,Y
253,5/4/2021,124,0.19, ,0, ,679, ,11.6, ,63.3, ,41.6, ,53.2, ,96, ,73, ,84, ,48.6, ,4.9, ,118.7, ,55.9,Y
253,5/5/2021,125,0.16, ,0, ,612, ,12.4, ,63.0, ,45.9, ,53.3, ,96, ,76, ,90, ,50.3, ,4.0, ,96.4, ,56.6,Y
253,5/6/2021,126,0.16, ,0, ,591, ,12.2, ,64.4, ,43.1, ,53.7, ,96, ,72, ,87, ,49.9, ,5.1, ,122.3, ,57.0,Y
253,5/7/2021,127,0.19, ,0, ,663, ,10.9, ,62.0, ,41.9, ,53.4, ,92, ,64, ,79, ,46.9, ,5.8, ,139.0, ,57.3,Y
253,5/8/2021,128,0.21, ,0, ,701,R,10.2, ,71.1, ,37.4, ,53.4, ,96, ,49, ,73, ,45.0, ,4.4, ,106.4, ,55.9,Y
253,5/9/2021,129,0.19, ,0, ,679, ,11.1, ,65.0, ,40.6, ,53.1, ,96, ,62, ,80, ,47.2, ,4.4, ,104.7, ,55.9,Y
253,5/10/2021,130,0.19, ,0.94,H,702, ,--,S,67.8, ,43.0, ,54.4, ,100,H,66,H,--,Q,--,Q,3.3, ,78.8, ,56.8,Y
253,5/11/2021,131,0.20, ,0.00, ,681, ,14.4, ,--,S,43.0, ,63.2,Y,100, ,61, ,73,Y,54.3,Y,2.8, ,67.3, ,56.9,Y
253,5/12/2021,132,0.20,R,0, ,595, ,18.2,R,--,S,59.9,Y,--,S,74,H,64,H,--,Q,--,Q,2.7, ,65.4, ,58.0, 
253,5/13/2021,133,0.15,R,0.00, ,457, ,19.2,R,--,S,63.6,R,--,S,77,H,67,H,--,Q,--,Q,3.2, ,76.6, ,58.0,Y
253,5/14/2021,134,0.07,R,0.02, ,243, ,20.4,R,--,S,62.0,R,--,S,80,H,73,H,--,Q,--,Q,4.1, ,97.8, ,57.2,Y
253,5/15/2021,135,0.10,R,0.07,H,336, ,19.1,R,--,S,61.4,R,--,S,83,H,68,H,--,Q,--,Q,3.1, ,74.8, ,56.9,Y
253,5/16/2021,136,0.08,R,0.00, ,262, ,17.6,Y,--,S,60.2,Y,69.4,R,77,H,65,H,--,R,--,I,2.4,Y,56.5,Y,56.7,Y
253,5/17/2021,137,0.16,R,0.03, ,482, ,17.6,Y,--,S,60.0,Y,68.5,R,85,H,67,H,--,R,--,I,4.1, ,97.6, ,57.0,Y
253,5/18/2021,138,0.20,R,0, ,698, ,13.3, ,--,S,48.2, ,60.0, ,87, ,67, ,75, ,52.2, ,5.4, ,128.6, ,58.0,Y
253,5/19/2021,139,0.20, ,0, ,683, ,10.4, ,61.1, ,49.0, ,54.2, ,85, ,63, ,73, ,45.7, ,8.3, ,198.3, ,57.9,Y
253,5/20/2021,140,0.21, ,0, ,736,R,9.8, ,57.9, ,47.6, ,52.4, ,84, ,62, ,73, ,44.1, ,9.0, ,216.6, ,57.1,Y
253,5/21/2021,141,0.18, ,0, ,674, ,10.2, ,59.7, ,37.6,Y,50.9, ,94, ,67, ,80, ,45.0, ,4.5, ,108.1, ,56.5,Y
253,5/22/2021,142,0.19, ,0, ,712, ,11.3, ,62.0, ,46.6, ,54.4, ,87, ,67, ,78, ,47.8, ,3.5, ,83.8, ,57.8,Y
253,5/23/2021,143,0.16, ,0, ,562, ,11.8, ,63.7, ,49.4, ,55.2, ,89, ,68, ,79, ,49.0, ,4.1, ,98.8, ,58.8, 
253,5/24/2021,144,0.17, ,0, ,637, ,12.3, ,61.3, ,49.4, ,54.2, ,93, ,72, ,86, ,49.9, ,5.7, ,137.8, ,59.5, 
253,5/25/2021,145,0.15, ,0, ,539, ,12.5, ,63.7, ,43.0, ,55.4, ,94, ,70, ,84, ,50.6, ,4.8, ,115.9, ,60.0, 
253,5/26/2021,146,0.15, ,0.12, ,548, ,11.8, ,61.5, ,43.5, ,52.8, ,93, ,74, ,86, ,48.8, ,4.7, ,113.7, ,59.0, 
253,5/27/2021,147,0.13, ,0.00, ,483, ,12.8, ,66.8, ,40.0, ,54.7, ,96, ,71, ,88, ,51.1, ,4.1, ,97.3, ,57.8,Y
253,5/28/2021,148,0.16, ,0, ,573, ,12.6, ,62.0, ,52.6, ,55.6, ,93, ,72, ,84, ,50.8, ,4.5, ,107.2, ,59.8, 
253,5/29/2021,149,0.04, ,0.01, ,211, ,12.7, ,56.4, ,51.3, ,53.4, ,94, ,86, ,91, ,50.8, ,4.3, ,103.5, ,59.5, 
253,5/30/2021,150,0.18, ,0, ,680, ,12.3, ,62.6, ,44.1, ,55.1, ,93, ,73, ,83, ,50.1, ,4.3, ,103.0, ,59.8, 
253,5/31/2021,151,0.21, ,0, ,720, ,12.4, ,74.5, ,40.8,Y,57.4, ,96, ,53, ,77, ,50.3, ,2.5,Y,60.6,Y,59.6, 
253,6/1/2021,152,0.18, ,0, ,632, ,13.4, ,65.2, ,48.9, ,56.4, ,95, ,73, ,86, ,52.4, ,3.0,Y,71.5,Y,60.9, 
253,6/2/2021,153,0.18, ,0.00, ,642, ,13.2, ,63.5, ,50.8, ,55.7, ,96, ,73, ,87, ,51.9, ,4.3, ,102.5, ,61.6, 
253,6/3/2021,154,0.15, ,0, ,579, ,12.9, ,63.8, ,46.1, ,55.2, ,95, ,75, ,87, ,51.4, ,3.0,Y,72.9,Y,61.8, 
253,6/4/2021,155,0.18, ,0, ,649, ,13.2, ,63.1, ,46.4, ,56.0, ,96, ,74, ,86, ,51.9, ,4.5, ,108.0, ,61.5, 
253,6/5/2021,156,0.20, ,0, ,712, ,11.8, ,64.7, ,43.5, ,54.7, ,95, ,66, ,81, ,49.0, ,3.6, ,86.1, ,61.1, 
253,6/6/2021,157,0.20, ,0, ,699, ,11.0, ,65.3, ,41.7, ,53.4, ,95, ,60, ,79, ,47.0, ,3.5, ,84.0, ,60.2, 
253,6/7/2021,158,0.20, ,0, ,673, ,11.4, ,64.3, ,45.0, ,54.8, ,94, ,61, ,78, ,48.1, ,4.3, ,103.8, ,60.3, 
253,6/8/2021,159,0.20, ,0, ,684, ,12.0, ,65.5, ,47.0, ,56.3, ,93, ,61, ,78, ,49.5, ,4.1, ,97.9, ,60.7, 
253,6/9/2021,160,0.20, ,0, ,698, ,11.6, ,65.0, ,42.6, ,54.5, ,95, ,64, ,80, ,48.5, ,3.6, ,86.3, ,60.1, 
253,6/10/2021,161,0.21, ,0, ,743, ,12.0, ,65.7, ,43.2, ,56.1, ,95, ,61, ,78, ,49.3, ,4.5, ,108.0, ,60.1, 
253,6/11/2021,162,0.22, ,0, ,730, ,11.8, ,69.7, ,45.8, ,58.7, ,93, ,50, ,70, ,49.0, ,3.9, ,93.0, ,60.7, 
253,6/12/2021,163,0.22, ,0, ,720, ,16.7, ,72.8, ,52.9, ,64.5,Y,94, ,70, ,81,Y,58.5,Y,4.3, ,102.7, ,62.6, 
253,6/13/2021,164,0.22, ,0, ,725, ,16.8,Y,73.3, ,53.9, ,63.3, ,97, ,68, ,85,Y,58.6,Y,3.5,Y,84.3,Y,63.8, 
253,6/14/2021,165,0.17, ,0.03, ,561, ,16.9,Y,71.0, ,57.2, ,62.4, ,97, ,68, ,88,Y,58.7,Y,4.4, ,106.7, ,64.8, 
253,6/15/2021,166,0.23, ,0, ,754,R,13.6, ,67.9, ,48.6, ,60.1, ,90, ,63, ,77, ,52.8, ,6.1, ,146.5, ,64.3, 
253,6/16/2021,167,0.22, ,0.01,H,722, ,12.6, ,72.1, ,43.8, ,57.8, ,95, ,59, ,77, ,50.7, ,4.3, ,102.7, ,62.8, 
253,6/17/2021,168,0.22, ,0, ,732, ,12.7, ,71.0, ,44.6, ,58.0, ,95, ,60, ,77, ,50.9, ,4.0, ,96.4, ,62.2, 
253,6/18/2021,169,0.22, ,0, ,730, ,12.9, ,74.4, ,43.3, ,57.6, ,95, ,58, ,80, ,51.4, ,3.0,Y,72.6,Y,61.8, 
253,6/19/2021,170,0.19, ,0.16,H,671, ,15.0, ,67.8, ,53.8, ,58.8, ,95, ,71, ,89, ,55.5, ,3.0,Y,72.5,Y,63.3, 
253,6/20/2021,171,0.19, ,0, ,651, ,14.9, ,68.9, ,54.6, ,59.7, ,94, ,73, ,85, ,55.2, ,3.2,Y,76.0,Y,64.4, 
253,6/21/2021,172,0.21, ,0, ,695, ,14.8, ,69.7, ,53.8, ,61.8, ,89, ,66, ,78, ,55.0, ,3.8, ,91.4, ,64.7, 
253,6/22/2021,173,0.15, ,0.01, ,523, ,15.7, ,72.2, ,58.1, ,62.8, ,94, ,62, ,80, ,56.6, ,3.1,Y,75.6,Y,65.0, 
253,6/23/2021,174,0.18, ,0.00, ,579, ,15.2, ,70.2, ,57.6, ,62.8, ,94, ,63, ,78, ,55.7, ,2.9,Y,70.5,Y,65.1, 
253,6/24/2021,175,0.15, ,0, ,481, ,14.9, ,69.2, ,56.7, ,62.0, ,85, ,69, ,79, ,55.2, ,3.2,Y,78.0,Y,65.1, 
253,6/25/2021,176,0.16, ,0, ,533, ,14.9, ,66.8, ,55.5, ,59.6, ,93, ,72, ,85, ,55.2, ,4.9, ,117.0, ,65.0, 
253,6/26/2021,177,0.18, ,0, ,611, ,15.2, ,68.0, ,55.8, ,59.8, ,94, ,73, ,86, ,55.8, ,6.0, ,145.1, ,65.2, 
253,6/27/2021,178,0.15, ,0, ,514, ,15.3, ,69.1, ,56.3, ,59.9, ,95, ,70, ,87, ,56.0, ,5.7, ,137.4, ,65.2, 
253,6/28/2021,179,0.15, ,0, ,510, ,15.4, ,67.2, ,55.7, ,59.6, ,95, ,76, ,88, ,56.1, ,5.9, ,142.0, ,65.1, 
253,6/29/2021,180,0.16, ,0, ,519, ,15.7, ,69.2, ,56.4, ,60.9, ,94, ,72, ,86, ,56.6, ,5.9, ,142.6, ,65.1, 
253,6/30/2021,181,0.09, ,0.13, ,347, ,16.3, ,67.6, ,57.6, ,60.2, ,99, ,73, ,92, ,57.8, ,3.5,Y,84.7,Y,64.9, 
253,7/1/2021,182,0.07, ,0.01, ,276, ,16.2, ,66.9, ,56.3, ,60.0, ,99, ,77, ,92, ,57.6, ,2.7,Y,64.8,Y,64.7, 
253,7/2/2021,183,0.13, ,0.01, ,445, ,15.7, ,66.9, ,57.0, ,60.0, ,97, ,76, ,89, ,56.8, ,3.3,Y,78.5,Y,64.5, 
253,7/3/2021,184,0.16, ,0.00, ,558, ,15.2, ,68.0, ,55.1, ,60.1, ,96, ,72, ,86, ,55.7, ,2.7,Y,64.8,Y,64.7, 
253,7/4/2021,185,0.18, ,0, ,591, ,15.0, ,68.6, ,51.0, ,60.3, ,95, ,71, ,84, ,55.4, ,3.0,Y,72.4,Y,64.7, 
253,7/5/2021,186,0.18, ,0.00, ,610, ,14.9, ,66.8, ,54.6, ,59.7, ,96, ,72, ,85, ,55.2, ,3.1,Y,73.7,Y,65.0, 
253,7/6/2021,187,0.16, ,0, ,520, ,14.9, ,66.9, ,54.7, ,59.2, ,95, ,73, ,86, ,55.2, ,5.6, ,135.3, ,65.1, 
253,7/7/2021,188,0.07, ,0.01, ,275, ,14.6, ,62.3, ,55.4, ,57.6, ,96, ,80, ,90, ,54.8, ,5.6, ,133.2, ,64.3, 
253,7/8/2021,189,0.20, ,0, ,690, ,14.2, ,67.2, ,50.3, ,59.1, ,93, ,70, ,83, ,53.9, ,3.7,Y,90.0,Y,64.3, 
253,7/9/2021,190,0.21, ,0, ,686, ,14.5, ,68.9, ,48.5, ,58.6, ,100, ,68, ,86, ,54.4, ,4.3, ,104.1, ,63.7, 
253,7/10/2021,191,0.21, ,0, ,702, ,14.7, ,66.7, ,53.9, ,58.7, ,100, ,71, ,87, ,54.8, ,6.2, ,147.6, ,64.6, 
253,7/11/2021,192,0.18, ,0, ,618, ,14.3, ,65.2, ,53.2, ,57.4, ,100, ,74, ,89, ,54.1, ,6.0, ,143.2, ,64.6, 
253,7/12/2021,193,0.17, ,0, ,568, ,14.1, ,65.1, ,53.7, ,57.3, ,99, ,73, ,88, ,53.8, ,5.6, ,135.6, ,64.5, 
253,7/13/2021,194,0.09, ,0, ,333, ,13.9, ,63.0, ,54.0, ,57.1, ,97, ,74, ,87, ,53.3, ,3.0,Y,71.4,Y,63.8, 
253,7/14/2021,195,0.16, ,0, ,544, ,14.0, ,67.0, ,54.1, ,58.5, ,94, ,69, ,84, ,53.6, ,3.0,Y,71.5,Y,63.8, 
253,7/15/2021,196,0.17, ,0.00, ,602, ,13.8, ,65.8, ,53.0, ,57.0, ,98, ,69, ,87, ,53.1, ,4.2, ,100.6, ,64.1, 
253,7/16/2021,197,0.12, ,0.01, ,437, ,13.9, ,66.0, ,53.2, ,56.6, ,97, ,73, ,89, ,53.3, ,2.8,Y,66.8,Y,63.6, 
253,7/17/2021,198,0.18, ,0, ,625, ,14.6, ,69.7, ,53.9, ,58.7, ,97, ,67, ,86, ,54.6, ,3.3,Y,78.9,Y,63.9, 
253,7/18/2021,199,0.19, ,0, ,660, ,14.6, ,67.6, ,52.2, ,58.6, ,99, ,70, ,87, ,54.7, ,3.1,Y,74.6,Y,64.4, 
253,7/19/2021,200,0.16, ,0, ,568, ,14.4, ,65.8, ,51.7, ,57.8, ,98, ,74, ,88, ,54.3, ,3.6,Y,86.4,Y,64.3, 
253,7/20/2021,201,0.19, ,0.14,H,647, ,14.2, ,66.6, ,48.8, ,57.5, ,99, ,72, ,88, ,54.0, ,4.4, ,104.9, ,64.4, 
253,7/21/2021,202,0.20, ,0, ,697, ,14.3, ,66.4, ,53.2, ,59.3, ,100, ,70, ,83, ,54.2, ,5.0, ,119.9, ,64.1, 
253,7/22/2021,203,0.19, ,0, ,661, ,13.8, ,65.2, ,53.6, ,58.3, ,92, ,72, ,83, ,53.2, ,4.4, ,106.8, ,64.1, 
253,7/23/2021,204,0.15, ,0, ,549, ,13.9, ,66.4, ,53.8, ,58.2, ,93, ,69, ,84, ,53.4, ,2.9,Y,70.3,Y,64.1, 
253,7/24/2021,205,0.17, ,0, ,592, ,14.4, ,68.3, ,53.9, ,58.9, ,94, ,68, ,85, ,54.3, ,2.7,Y,64.9,Y,64.5, 
253,7/25/2021,206,0.19, ,0, ,644, ,14.8, ,69.0, ,55.3, ,60.1, ,93, ,69, ,83, ,55.0, ,2.9,Y,70.8,Y,65.0, 
253,7/26/2021,207,0.15, ,0, ,497, ,15.3, ,71.4, ,55.8, ,60.8, ,95, ,66, ,84, ,56.0, ,2.9,Y,68.9,Y,65.0, 
253,7/27/2021,208,0.20, ,0, ,636, ,15.8, ,74.6, ,55.7, ,62.3, ,96, ,60, ,82, ,56.9, ,2.9,Y,68.9,Y,65.3, 
253,7/28/2021,209,0.16, ,0.01, ,548, ,15.9, ,68.1, ,55.7, ,60.3, ,98, ,73, ,89, ,57.0, ,2.7,Y,64.9,Y,65.4, 
253,7/29/2021,210,0.19, ,0, ,639, ,16.2, ,70.4, ,56.1, ,61.3, ,97, ,72, ,87, ,57.5, ,2.9,Y,68.5,Y,65.9, 
253,7/30/2021,211,0.17, ,0, ,557, ,16.1, ,70.1, ,56.1, ,61.3, ,98, ,71, ,87, ,57.4, ,2.9,Y,68.4,Y,66.8, 
253,7/31/2021,212,0.19, ,0, ,629, ,16.0, ,69.7, ,58.0, ,62.3, ,93, ,70, ,83, ,57.2, ,3.5,Y,84.6,Y,67.5, 
253,8/1/2021,213,0.18, ,0, ,609, ,14.6, ,70.8, ,52.5, ,61.8, ,91, ,61, ,77, ,54.7, ,2.9,Y,70.7,Y,67.7, 
253,8/2/2021,214,0.20, ,0, ,659, ,14.6, ,70.3, ,54.5, ,61.8, ,90, ,64, ,78, ,54.7, ,4.2, ,101.3, ,67.2, 
253,8/3/2021,215,0.19, ,0, ,663, ,14.5, ,67.6, ,53.4, ,59.3, ,94, ,71, ,84, ,54.5, ,5.4, ,129.2, ,67.5, 
253,8/4/2021,216,0.15, ,0.44, ,511, ,15.2, ,67.4, ,55.4, ,59.4, ,99, ,71, ,88, ,55.9, ,5.2, ,124.5, ,67.4, 
253,8/5/2021,217,0.16, ,0.20, ,516, ,16.1, ,69.4, ,56.1, ,61.0, ,100, ,72, ,88, ,57.4, ,4.8, ,115.5, ,67.2, 
253,8/6/2021,218,0.16, ,0, ,542, ,16.1, ,67.4, ,52.0, ,60.2, ,97, ,77, ,90, ,57.4, ,4.3, ,104.2, ,67.6, 
253,8/7/2021,219,0.17, ,0, ,602, ,14.6, ,67.8, ,46.4, ,58.1, ,97, ,72, ,88, ,54.7, ,2.7,R,65.3,R,67.0, 
253,8/8/2021,220,0.16, ,0.01, ,536, ,15.8, ,70.8, ,53.0, ,60.2, ,98, ,70, ,89, ,56.9, ,2.9,Y,68.9,Y,67.8, 
253,8/9/2021,221,0.16, ,0, ,537, ,15.5, ,70.0, ,51.8, ,60.7, ,97, ,69, ,86, ,56.4, ,2.9,Y,70.0,Y,67.8, 
253,8/10/2021,222,0.19, ,0, ,647, ,15.8, ,70.6, ,57.2, ,62.2, ,97, ,67, ,83, ,56.8, ,2.8,Y,66.3,Y,68.4, 
253,8/11/2021,223,0.17, ,0, ,569, ,15.8, ,68.4, ,54.5, ,60.7, ,96, ,74, ,87, ,56.8, ,3.5,Y,83.4,Y,68.6, 
253,8/12/2021,224,0.18, ,0, ,580, ,16.5, ,71.7, ,56.2, ,62.9, ,93, ,70, ,84, ,58.0, ,5.0, ,119.9, ,68.8, 
253,8/13/2021,225,0.16, ,0, ,531, ,15.7, ,70.8, ,51.5, ,60.9, ,94, ,70, ,86, ,56.7, ,4.2, ,101.1, ,68.2, 
253,8/14/2021,226,0.13, ,0, ,447, ,16.5, ,68.5, ,57.3, ,61.2, ,95, ,77, ,90, ,58.1, ,3.4,Y,82.8,Y,68.2, 
253,8/15/2021,227,0.15, ,0, ,506, ,16.6, ,68.9, ,57.9, ,61.5, ,97, ,77, ,89, ,58.3, ,4.8, ,114.3, ,68.4, 
253,8/16/2021,228,0.18, ,0, ,580, ,15.9, ,71.5, ,58.1, ,62.7, ,94, ,64, ,81, ,57.0, ,5.7, ,137.0, ,68.6, 
253,8/17/2021,229,0.14, ,0, ,487, ,15.4, ,68.3, ,58.6, ,62.0, ,90, ,68, ,81, ,56.1, ,3.2,Y,76.0,Y,68.5, 
253,8/18/2021,230,0.16, ,0, ,510, ,13.7, ,72.8, ,48.0, ,59.9, ,94, ,61, ,78, ,53.0, ,2.7,R,64.4,R,67.3, 
253,8/19/2021,231,0.15, ,0, ,488, ,15.7, ,71.9, ,51.1, ,62.3, ,94, ,66, ,82, ,56.6, ,2.6,R,62.3,R,67.1, 
253,8/20/2021,232,0.12, ,0, ,406, ,16.4, ,70.4, ,58.8, ,62.8, ,92, ,71, ,84, ,57.9, ,2.6,R,62.2,R,67.6, 
253,8/21/2021,233,0.10, ,0, ,354, ,15.7, ,69.6, ,58.7, ,62.1, ,89, ,70, ,82, ,56.6, ,3.2,Y,75.8,Y,67.4, 
253,8/22/2021,234,0.15, ,0, ,504, ,14.8, ,69.0, ,57.3, ,61.2, ,89, ,66, ,80, ,55.0, ,2.7,Y,65.8,Y,67.5, 
253,8/23/2021,235,0.14, ,0, ,478, ,14.7, ,67.4, ,56.1, ,60.3, ,89, ,71, ,82, ,54.9, ,2.9,Y,70.8,Y,67.4, 
253,8/24/2021,236,0.16, ,0, ,522, ,14.8, ,69.4, ,56.1, ,61.0, ,90, ,67, ,81, ,55.1, ,3.0,Y,73.0,Y,67.6, 
253,8/25/2021,237,0.13, ,0, ,469, ,14.5, ,67.9, ,55.5, ,59.8, ,91, ,68, ,82, ,54.4, ,3.4,Y,80.9,Y,67.4, 
253,8/26/2021,238,0.16,H,0,H,581,H,14.7,H,69.6, ,49.2, ,59.4,H,94,H,71,H,85, ,54.9, ,4.4,H,106.6,H,67.2,H
253,8/27/2021,239,0.18, ,0, ,592, ,14.6, ,78.4, ,47.4, ,60.5, ,96, ,56, ,81, ,54.7, ,3.0,Y,71.1,Y,66.5, 
253,8/28/2021,240,0.19, ,0, ,592, ,14.9, ,77.6, ,46.8, ,61.6, ,96, ,57, ,79, ,55.2, ,2.5,Y,59.0,Y,66.1, 
253,8/29/2021,241,0.16, ,0, ,536, ,16.5, ,69.5, ,56.6, ,61.5, ,97, ,75, ,89, ,58.1, ,3.1,Y,73.5,Y,67.1, 
253,8/30/2021,242,0.14, ,0, ,512, ,15.1, ,68.1, ,47.7, ,58.7, ,99, ,73, ,89, ,55.6, ,3.7, ,88.3, ,67.4, 
253,8/31/2021,243,0.17, ,0.00, ,596, ,13.6, ,69.0, ,45.4, ,57.7, ,97, ,68, ,83, ,52.7, ,2.7,Y,65.0,Y,65.7, 
253,9/1/2021,244,0.13, ,0, ,437, ,13.9, ,68.8, ,55.7, ,60.6, ,90, ,65, ,77, ,53.4, ,2.6,Y,61.8,Y,66.1, 
253,9/2/2021,245,0.14, ,0, ,459, ,13.8, ,68.1, ,57.7, ,60.9, ,83, ,64, ,76, ,53.1, ,2.5,Y,59.2,Y,66.3, 
253,9/3/2021,246,0.16, ,0, ,553, ,14.0, ,65.6, ,56.7, ,60.1, ,89, ,70, ,79, ,53.6, ,3.0,Y,72.9,Y,66.6, 
253,9/4/2021,247,0.14, ,0, ,506, ,14.4, ,68.3, ,53.6, ,58.4, ,95, ,69, ,86, ,54.3, ,3.5, ,85.0, ,66.6, 
253,9/5/2021,248,0.16, ,0, ,573, ,14.0, ,67.8, ,47.5, ,57.3, ,97, ,72, ,87, ,53.6, ,3.2,Y,77.0,Y,66.5, 
253,9/6/2021,249,0.17, ,0, ,570, ,13.9, ,71.2, ,44.2,Y,58.2, ,96, ,67, ,84, ,53.3, ,2.8,Y,66.7,Y,65.9, 
253,9/7/2021,250,0.16, ,0, ,534, ,14.8, ,74.5, ,47.2, ,59.2, ,95, ,65, ,86, ,55.0, ,3.4, ,82.0, ,65.5, 
253,9/8/2021,251,0.16, ,0.09, ,529, ,15.4, ,70.6, ,51.8, ,59.5, ,98, ,68, ,89, ,56.1, ,5.1, ,122.4, ,65.7, 
253,9/9/2021,252,0.15, ,0, ,495, ,15.8, ,70.3, ,50.3, ,60.2, ,98, ,73, ,89, ,56.9, ,4.7, ,113.5, ,65.7, 
253,9/10/2021,253,0.12, ,0.00, ,437, ,16.1, ,67.9, ,55.6, ,60.2, ,97, ,73, ,90, ,57.4, ,4.3, ,104.2, ,66.2, 
253,9/11/2021,254,0.15, ,0, ,538, ,14.8, ,68.6, ,52.8, ,59.1, ,96, ,73, ,87, ,55.1, ,3.8, ,90.6, ,66.1, 
253,9/12/2021,255,0.14, ,0, ,517, ,14.7, ,67.2, ,49.0, ,57.7, ,97, ,75, ,90, ,54.8, ,3.5, ,84.4, ,65.9, 
253,9/13/2021,256,0.15, ,0, ,528, ,13.7, ,67.3, ,46.5, ,57.0, ,97, ,71, ,86, ,53.0, ,3.5, ,83.2, ,65.2, 
253,9/14/2021,257,0.14, ,0, ,492, ,14.4, ,70.6, ,46.4, ,58.3, ,97, ,69, ,86, ,54.3, ,2.4,Y,58.0,Y,65.3, 
253,9/15/2021,258,0.15, ,0, ,526, ,14.3, ,68.0, ,55.5, ,59.5, ,92, ,70, ,82, ,54.2, ,2.9,Y,68.9,Y,65.8, 
253,9/16/2021,259,0.07, ,0, ,256, ,14.0, ,67.3, ,55.3, ,58.6, ,90, ,70, ,83, ,53.5, ,2.1,Y,49.4,Y,65.3, 
253,9/17/2021,260,0.12, ,0, ,428, ,14.1, ,67.1, ,55.5, ,59.7, ,93, ,66, ,80, ,53.7, ,2.7,Y,65.4,Y,65.2, 
253,9/18/2021,261,0.10, ,0, ,349, ,15.3, ,71.3, ,53.2, ,61.3, ,93, ,67, ,82, ,56.0, ,2.0,R,47.7,R,65.3, 
253,9/19/2021,262,0.14, ,0.04, ,467, ,16.0, ,69.5, ,49.1, ,61.0, ,97, ,73, ,88, ,57.2, ,4.4, ,106.7, ,65.8, 
253,9/20/2021,263,0.17,R,0.00, ,530, ,12.1, ,83.3, ,43.9, ,61.0, ,97, ,30, ,66, ,49.6, ,2.9,Y,68.9,Y,64.2, 
253,9/21/2021,264,0.16,R,0, ,496, ,12.6, ,86.5,Y,51.7, ,66.8,Y,88,H,33,H,56,Y,50.8,Y,2.1,Y,50.5,Y,64.2, 
253,9/22/2021,265,0.14, ,0, ,515, ,14.5, ,68.4, ,48.7, ,58.3, ,96, ,72, ,87, ,54.6, ,3.1, ,74.1, ,64.5, 
253,9/23/2021,266,0.12, ,0, ,453, ,14.5, ,68.7, ,51.6, ,57.7, ,96, ,69, ,89, ,54.4, ,2.9,Y,68.5,Y,64.6, 
253,9/24/2021,267,0.11, ,0.21, ,423, ,15.7, ,71.3, ,53.0, ,59.0, ,98, ,72, ,92, ,56.7, ,2.1,Y,51.5,Y,65.2, 
253,9/25/2021,268,0.09, ,0, ,341, ,15.6, ,66.9, ,56.7, ,59.9, ,95, ,76, ,89, ,56.5, ,2.5,Y,60.9,Y,65.7, 
253,9/26/2021,269,0.10, ,0.19, ,360, ,14.6, ,68.0, ,53.7, ,60.1, ,92, ,68, ,82, ,54.7, ,4.0, ,96.6, ,65.4, 
253,9/27/2021,270,0.11, ,0.04, ,373, ,16.8, ,72.7, ,56.7, ,62.8, ,95, ,71, ,86, ,58.6, ,3.5, ,83.5, ,65.4, 
253,9/28/2021,271,0.15, ,0, ,495, ,13.7, ,67.7, ,51.4, ,59.6, ,95, ,63, ,79, ,53.0, ,6.0, ,144.4, ,64.8, 
253,9/29/2021,272,0.14, ,0, ,486, ,13.0, ,68.3, ,45.2, ,58.4, ,91, ,62, ,78, ,51.6, ,3.6, ,86.9, ,63.8, 
253,9/30/2021,273,0.15, ,0, ,487, ,11.4, ,82.4, ,42.0, ,57.3, ,94, ,36, ,71, ,48.0, ,2.8, ,66.6, ,62.0, 
253,10/1/2021,274,0.14, ,0, ,479, ,12.1, ,77.5, ,39.9, ,56.6, ,94, ,47, ,78, ,49.6, ,2.5, ,60.0, ,61.2, 
253,10/2/2021,275,0.13, ,0, ,471, ,12.5, ,68.9, ,42.2, ,54.2, ,95, ,69, ,88, ,50.5, ,2.1,Y,51.0,Y,61.4, 
253,10/3/2021,276,0.13,R,0.00, ,473, ,12.3, ,72.0, ,39.1, ,54.8, ,98, ,58, ,84, ,50.0, ,2.0,Y,49.0,Y,60.4,Y
253,10/4/2021,277,0.12, ,0.01, ,429, ,12.9, ,68.4, ,41.5, ,54.3, ,96, ,72, ,89, ,51.3, ,2.2,Y,52.8,Y,60.2,Y
253,10/5/2021,278,0.11, ,0, ,413, ,14.0, ,66.2, ,49.5, ,57.5, ,97, ,72, ,87, ,53.5, ,2.7, ,64.6, ,61.5, 
253,10/6/2021,279,0.09, ,0.00, ,296, ,13.1, ,65.0, ,51.1, ,56.9, ,96, ,66, ,83, ,51.8, ,3.2, ,76.9, ,61.6, 
253,10/7/2021,280,0.11, ,0, ,371, ,12.0, ,64.7, ,49.7, ,56.1, ,91, ,65, ,78, ,49.4, ,3.1, ,73.6, ,60.9, 
253,10/8/2021,281,0.13, ,0, ,452, ,11.6, ,64.1, ,49.2, ,57.0, ,91, ,58, ,73, ,48.5, ,4.2, ,100.4, ,61.0, 
253,10/9/2021,282,0.14, ,0, ,445, ,12.2, ,69.7, ,43.8, ,57.2, ,91, ,57, ,76, ,49.8, ,4.7, ,113.2, ,60.5, 
253,10/10/2021,283,0.12, ,0, ,437, ,11.9, ,67.0, ,40.3, ,54.2, ,94, ,64, ,83, ,49.2, ,3.5, ,85.0, ,59.2,Y
253,10/11/2021,284,0.15, ,0, ,438, ,10.6, ,61.6, ,50.1, ,55.6, ,88, ,60, ,70, ,46.2, ,9.8,R,234.9,R,58.8,Y
253,10/12/2021,285,0.15, ,0, ,444,R,8.0,Y,65.8, ,38.3, ,52.7, ,89, ,28, ,59,Y,38.9,Y,5.6, ,135.0, ,57.2,Y
253,10/13/2021,286,0.06, ,0.01, ,256, ,10.7, ,64.9, ,38.9, ,49.6,Y,94, ,67, ,88,Y,46.4,Y,2.7, ,65.3, ,56.4,Y
253,10/14/2021,287,0.13, ,0.01, ,430, ,9.4, ,72.1, ,37.2,Y,51.6, ,97, ,42, ,72, ,42.9, ,3.4, ,82.3, ,55.9,R
253,10/15/2021,288,0.14, ,0, ,425, ,8.2,Y,77.4, ,38.7, ,56.5, ,89, ,25, ,53,Y,39.5,Y,2.7, ,64.2, ,55.4,R
253,10/16/2021,289,0.14,R,0, ,422, ,7.2,Y,84.3, ,43.0, ,59.6, ,70, ,18, ,41,Y,36.2,Y,2.9, ,70.0, ,55.7,R
253,10/17/2021,290,0.09, ,0.09, ,325, ,10.6, ,71.7, ,40.2, ,52.2, ,97, ,57, ,79, ,46.0, ,3.1, ,75.2, ,55.5,R
253,10/18/2021,291,0.10, ,0.01, ,369, ,10.9, ,63.9, ,42.9, ,51.2, ,99, ,61, ,85, ,46.8, ,3.2, ,76.6, ,55.6,Y
253,10/19/2021,292,0.12, ,0.04, ,360, ,9.3, ,69.6, ,38.0, ,54.5, ,97, ,39, ,64, ,42.5, ,3.5, ,85.1, ,54.6,R
253,10/20/2021,293,0.03, ,0.74, ,136, ,16.0, ,65.1, ,54.2, ,59.9, ,98, ,80, ,91, ,57.2, ,3.4, ,81.1, ,57.0,Y
253,10/21/2021,294,0.04, ,0.29, ,182, ,19.4,Y,71.0, ,61.3,Y,63.9, ,99, ,87, ,96,Y,62.7,Y,3.4, ,82.0, ,60.1, 
253,10/22/2021,295,0.06, ,1.03, ,254, ,15.3, ,65.5, ,52.3, ,58.8, ,98, ,75, ,90, ,55.9, ,3.1, ,73.6, ,60.7, 
253,10/23/2021,296,0.07, ,0.22, ,258, ,14.1, ,68.6, ,49.1, ,58.5, ,98, ,62, ,84, ,53.8, ,2.9, ,69.8, ,59.6, 
253,10/24/2021,297,0, ,4.43, ,16, ,17.2, ,61.3, ,56.4, ,59.6, ,100, ,97, ,99, ,59.2, ,5.1, ,122.4, ,60.0, 
253,10/25/2021,298,0.10, ,0.49, ,378, ,14.5, ,65.2, ,50.0, ,57.7, ,100, ,73, ,89, ,54.4, ,3.7, ,89.2, ,59.9, 
253,10/26/2021,299,0.08, ,0.00, ,278, ,13.1, ,68.6, ,47.3, ,56.6, ,97, ,60, ,84, ,51.8, ,2.5, ,60.6, ,59.4, 
253,10/27/2021,300,0.10, ,0, ,357, ,15.3, ,71.4, ,49.9, ,59.3, ,98, ,73, ,89, ,55.9, ,3.5, ,84.1, ,59.3, 
253,10/28/2021,301,0.12, ,0.01, ,365, ,14.9, ,84.5, ,50.2, ,61.5, ,100, ,46, ,80, ,55.3, ,3.1, ,74.9, ,59.3, 
253,10/29/2021,302,0.09, ,0.01, ,331, ,14.9, ,71.7, ,48.5, ,56.8, ,100, ,73, ,94, ,55.2, ,3.1, ,74.6, ,59.0, 
253,10/30/2021,303,0.05, ,0, ,205, ,14.6, ,65.8, ,50.0, ,56.8, ,99, ,78, ,93, ,54.7, ,2.3,Y,55.2,Y,59.4, 
253,10/31/2021,304,0.08, ,0.01, ,304, ,13.7, ,66.4, ,52.4, ,58.3, ,96, ,63, ,82, ,52.9, ,2.5, ,59.2, ,59.6, 
253,11/1/2021,305,0.03, ,0.35, ,127, ,16.8, ,63.4, ,58.0,Y,60.4, ,99, ,87, ,94, ,58.6, ,3.6, ,87.2, ,60.3, 
253,11/2/2021,306,0.07, ,0.02, ,262, ,17.1, ,69.4, ,52.1, ,61.1, ,100, ,78, ,93, ,59.1, ,2.1, ,50.9, ,61.3, 
253,11/3/2021,307,0.09, ,0.00, ,336, ,14.8, ,72.6, ,47.9, ,58.1, ,99, ,70, ,89, ,55.0, ,2.4, ,57.4, ,60.1, 
253,11/4/2021,308,0.08, ,0.15, ,277, ,15.2, ,67.4, ,45.8, ,58.6, ,98, ,75, ,91, ,55.9, ,4.1, ,99.3, ,60.0, 
253,11/5/2021,309,0.08, ,0.00, ,291, ,12.2, ,65.5, ,45.0, ,53.8, ,99, ,62, ,86, ,49.8, ,3.5, ,83.2, ,57.8, 
253,11/6/2021,310,0.08, ,0.00, ,302, ,13.1, ,67.2, ,47.2, ,56.0, ,97, ,70, ,85, ,51.6, ,4.2, ,101.8, ,57.5, 
253,11/7/2021,311,0.09, ,0, ,334, ,9.7, ,63.0, ,38.4, ,51.5, ,94, ,47, ,75, ,43.7, ,4.7, ,112.7, ,56.1, 
253,11/8/2021,312,0.07, ,0.30, ,246, ,9.4, ,67.5, ,38.3, ,53.1, ,94, ,38, ,68, ,42.8, ,3.3, ,79.3, ,54.5, 
253,11/9/2021,313,0.02, ,0.23, ,118, ,15.6, ,64.5, ,52.8, ,58.2, ,97, ,87, ,94, ,56.5, ,3.0, ,72.2, ,56.5, 
253,11/10/2021,314,0.08, ,0, ,303, ,13.7, ,66.7, ,46.7, ,55.6, ,98, ,73, ,91, ,52.9, ,3.1, ,75.2, ,57.3, 
253,11/11/2021,315,0.09, ,0.00, ,317, ,12.8, ,76.3, ,44.1, ,55.3, ,98, ,55, ,86, ,51.1, ,2.9, ,70.7, ,56.0, 
253,11/12/2021,316,0.09, ,0.01, ,316, ,13.2, ,74.7, ,42.6, ,54.5, ,98, ,64, ,91, ,51.8, ,3.2, ,76.8, ,55.1, 
253,11/13/2021,317,0.09, ,0.00, ,318, ,12.7, ,84.0,Y,44.0, ,56.0, ,99, ,33, ,83, ,51.0, ,2.7, ,65.2, ,54.8, 
253,11/14/2021,318,0.08, ,0.01, ,307, ,12.5, ,76.9, ,44.2, ,56.2, ,98, ,50, ,81, ,50.4, ,2.1, ,50.0, ,54.6, 
253,11/15/2021,319,0.05, ,0, ,185, ,13.0, ,67.8, ,43.9, ,55.5, ,97, ,65, ,87, ,51.6, ,2.7, ,65.0, ,54.7, 
253,11/16/2021,320,0.05, ,0.00, ,209, ,14.4, ,67.7, ,43.6, ,55.9, ,98, ,74, ,94, ,54.2, ,4.3, ,103.8, ,56.4, 
253,11/17/2021,321,0.07, ,0.00, ,299, ,10.7, ,66.4, ,40.1, ,51.4, ,98, ,60, ,83, ,46.4, ,2.4, ,56.4, ,54.5, 
253,11/18/2021,322,0.02, ,0.01, ,117, ,12.1, ,60.3, ,41.2, ,50.8, ,97, ,86, ,95, ,49.5, ,2.0, ,48.3, ,53.4, 
253,11/19/2021,323,0.02, ,0.00, ,111, ,14.4, ,63.3, ,50.0, ,55.9, ,97, ,83, ,94, ,54.3, ,2.6, ,62.4, ,55.2, 
253,11/20/2021,324,0.08, ,0, ,304, ,12.0, ,70.6, ,39.6, ,55.9, ,96, ,46, ,78, ,49.3, ,3.5, ,83.8, ,55.8, 
253,11/21/2021,325,0.08, ,0.00, ,301, ,10.4, ,76.0, ,37.5, ,55.5, ,97, ,43, ,69, ,45.5, ,2.5, ,60.2, ,53.3, 
253,11/22/2021,326,0.08, ,0, ,304, ,9.0, ,76.3, ,39.5, ,53.9, ,88, ,28, ,63, ,41.8, ,2.4, ,57.1, ,52.5, 
253,11/23/2021,327,0.06, ,0, ,234, ,10.2, ,62.8, ,37.5, ,49.0, ,95, ,67, ,87, ,45.2, ,3.9, ,94.4, ,51.4, 
253,11/24/2021,328,0.08, ,0.00, ,298, ,7.1, ,71.0, ,32.4, ,47.9, ,97, ,22, ,62, ,35.6, ,3.0, ,73.2, ,50.1,Y
253,11/25/2021,329,0.07, ,0, ,285, ,8.8, ,69.7, ,34.2, ,49.0, ,90, ,44, ,74, ,41.1, ,2.4, ,57.3, ,49.0,Y
253,11/26/2021,330,0.07, ,0, ,289, ,9.6, ,73.0, ,38.6, ,52.2, ,93, ,47, ,72, ,43.6, ,3.0, ,72.1, ,49.6,Y
253,11/27/2021,331,0.07,R,0, ,275, ,10.1, ,79.7,Y,39.6, ,52.9, ,94, ,37, ,74, ,44.8, ,2.4, ,57.1, ,50.0, 
253,11/28/2021,332,0.07, ,0, ,272, ,11.1, ,73.1, ,42.3, ,53.1, ,96, ,48, ,80, ,47.2, ,2.2, ,52.8, ,50.5, 
253,11/29/2021,333,0.07, ,0, ,272, ,11.6, ,69.9, ,40.3, ,51.5, ,97, ,61, ,89, ,48.4, ,2.7, ,64.5, ,50.5, 
253,11/30/2021,334,0.06, ,0.00, ,276, ,10.9, ,70.4, ,37.2, ,49.8, ,98, ,62, ,89, ,46.9, ,2.3, ,54.1, ,50.8, 
253,12/1/2021,335,0.08,R,0.00, ,278, ,10.3, ,80.2,Y,39.4, ,55.0, ,96, ,38, ,70, ,45.3, ,2.4, ,56.8, ,50.2, 
253,12/2/2021,336,0.06, ,0, ,240, ,11.3, ,73.0, ,39.1, ,53.0, ,93, ,47, ,82, ,47.8, ,2.4, ,56.5, ,50.3, 
253,12/3/2021,337,0.03, ,0, ,118, ,12.4, ,61.3, ,51.2, ,54.4, ,93, ,76, ,86, ,50.3, ,2.5, ,59.8, ,52.8, 
253,12/4/2021,338,0.04, ,0, ,162, ,12.1, ,60.0, ,52.1, ,54.4, ,89, ,75, ,84, ,49.5, ,3.6, ,87.1, ,53.8, 
253,12/5/2021,339,0.06, ,0, ,256, ,12.4, ,59.6, ,45.3, ,53.2, ,95, ,76, ,90, ,50.3, ,4.1, ,98.7, ,53.9, 
253,12/6/2021,340,0.02, ,0, ,95, ,12.4, ,58.6, ,46.3, ,52.7, ,96, ,81, ,92, ,50.3, ,3.0, ,71.2, ,54.0, 
253,12/7/2021,341,0.04, ,0.09, ,193, ,13.0, ,62.4, ,44.8, ,53.6, ,97, ,78, ,93, ,51.6, ,2.5, ,59.9, ,54.5, 
253,12/8/2021,342,0.02, ,0.03, ,112, ,13.0, ,58.5, ,46.2, ,53.3, ,98, ,84, ,94, ,51.6, ,2.6, ,62.1, ,53.8, 
253,12/9/2021,343,0.07, ,0.08, ,210, ,9.9, ,57.5, ,37.7, ,50.4, ,96, ,61, ,79, ,44.2, ,6.7, ,161.2, ,53.7, 
253,12/10/2021,344,0.06, ,0.00, ,262, ,8.0, ,61.2, ,34.5, ,44.6, ,97, ,46, ,80, ,38.7, ,3.1, ,74.1, ,50.0, 
253,12/11/2021,345,0.06, ,0, ,260, ,7.9, ,60.9, ,32.5, ,43.4, ,94, ,58, ,83, ,38.5, ,3.0, ,71.1, ,47.9, 
253,12/12/2021,346,0.03, ,1.38,H,110, ,12.0, ,57.9, ,41.3, ,52.0, ,96, ,78, ,91, ,49.4, ,4.9, ,118.8, ,49.5, 
253,12/13/2021,347,0.01, ,2.62, ,43, ,14.0, ,58.5, ,46.4, ,54.7, ,97, ,94, ,96, ,53.6, ,6.5, ,155.5, ,53.3, 
253,12/14/2021,348,0.05, ,0.19, ,194, ,9.2, ,54.9, ,38.6, ,46.6, ,97, ,62, ,85, ,42.4, ,4.1, ,97.7, ,51.7, 
253,12/15/2021,349,0.04, ,0.98, ,188, ,10.5, ,58.0, ,38.4, ,48.9, ,97, ,67, ,89, ,45.8, ,4.4, ,106.4, ,49.5, 
253,12/16/2021,350,0.05, ,0.27, ,226, ,11.7, ,59.2, ,39.0, ,51.4, ,98, ,69, ,90, ,48.6, ,3.9, ,92.8, ,52.0, 
253,12/17/2021,351,0.06, ,0.00, ,272, ,8.3, ,62.4, ,34.4, ,45.8, ,97, ,47, ,79, ,39.7, ,2.9, ,70.7, ,48.8, 
253,12/18/2021,352,0.05, ,0.00, ,259, ,8.2, ,58.1, ,32.6, ,42.8, ,96, ,66, ,88, ,39.4, ,2.6, ,62.0, ,46.6, 
253,12/19/2021,353,0.02, ,0.00, ,113, ,8.9, ,56.2, ,34.6, ,44.4, ,98, ,71, ,89, ,41.4, ,2.5, ,60.8, ,46.5, 
253,12/20/2021,354,0.04, ,0, ,163, ,10.3, ,60.5, ,41.8, ,51.9, ,96, ,60, ,78, ,45.3, ,2.7, ,64.4, ,48.3, 
253,12/21/2021,355,0.06, ,0.39, ,213, ,11.0, ,65.3, ,42.7, ,53.2, ,96, ,56, ,79, ,47.0, ,2.8, ,67.9, ,49.6, 
253,12/22/2021,356,0.02, ,0.32, ,84, ,15.2,Y,59.7, ,51.3, ,56.8, ,98, ,93, ,96,Y,55.8,Y,4.2, ,101.8, ,52.4, 
253,12/23/2021,357,0.02, ,0.65, ,97, ,15.2,Y,60.9, ,55.1,Y,57.1, ,98, ,87, ,95,Y,55.8,Y,3.6, ,86.1, ,54.8, 
253,12/24/2021,358,0.05, ,0.16, ,180, ,11.5, ,58.9, ,48.3, ,53.4, ,97, ,63, ,83, ,48.3, ,4.4, ,106.3, ,54.2, 
253,12/25/2021,359,0.01, ,0.50, ,60, ,11.2, ,56.1, ,43.4, ,51.4, ,92, ,72, ,87, ,47.6, ,4.3, ,102.9, ,52.6, 
253,12/26/2021,360,0.04, ,0.10, ,146, ,9.2, ,56.0, ,40.5, ,48.8, ,95, ,62, ,78, ,42.2, ,3.8, ,92.2, ,50.3, 
253,12/27/2021,361,0.04, ,0.46, ,154, ,9.8, ,53.5, ,42.8, ,48.6, ,93, ,71, ,84, ,44.1, ,5.0, ,119.9, ,50.6, 
253,12/28/2021,362,0.03, ,0.01, ,126, ,9.7, ,53.1, ,41.9, ,47.0, ,95, ,74, ,88, ,43.7, ,2.7, ,63.7, ,49.6, 
253,12/29/2021,363,0.02, ,0.57, ,110, ,11.4, ,57.3, ,43.4, ,50.0, ,97, ,85, ,93, ,48.0, ,2.6, ,62.9, ,50.5, 
253,12/30/2021,364,0.06, ,0, ,265, ,9.7, ,61.8, ,43.0, ,49.2, ,92, ,66, ,81, ,43.8, ,4.0, ,97.1, ,49.4, 
253,12/31/2021,365,0.07, ,0, ,265, ,8.8, ,54.8, ,37.6, ,47.4, ,95, ,61, ,79, ,41.3, ,5.7, ,135.8, ,48.5, 
